Employee #,Last Name,First Name,Birthday,Address,Phone Number,SSS #,Philhealth #,TIN #,Pag-ibig #,Status,Position,Immediate Supervisor,Basic Salary,Rice Subsidy,Phone Allowance,Clothing Allowance,Gross Semi-monthly Rate (BS/2),Hourly Rate,Employee # (field 19),Date,Time-in,Time-out,Staffed Time,sss,pag-ibig,philhealth,withholding tax,Salary
1,Garcia,Manuel III,10/11/1983,Valero Carpark Building Valero Street 1227 Makati City,966-860-270,44-4506057-3,8-201-268-539-51,442-605-657-000,6-9129533087-0,Regular,Chief Executive Officer,N/A,90000,1500,2000,1000,45000,535.71,1,1/9/2022,8:00 AM,5:00 PM,9,500,200,200,,9221.39
2,Lim,Antonio,6/19/1988,San Antonio De Padua 2 Block 1 Lot 8 and 2 Dasmarinas Cavite,171-867-411,52-2061274-9,3-3173564633-8,683-102-776-000,6-6390499541-1,Regular,Chief Operating Officer,Manuel III Garcia,60000,1500,2000,1000,30000,357.14,2,1/9/2022,8:00 AM,5:00 PM,9,500,200,200,,7614.26
3,Aquino,Bianca Sofia,8/4/1989,Rm. 402 4/F Jiao Building Timog Avenue Cor. Quezon Avenue 1100 Quezon City,966-889-370,30-8870406-2,1-7745118966-5,971-711-280-000,1-7151977396-9,Regular,Chief Finance Officer,Manuel III Garcia,60000,1500,2000,1000,30000,357.14,3,1/9/2022,8:00 AM,5:00 PM,9,500,200,200,,7614.26
4,Reyes,Isabella,6/16/1994,460 Solanda Street Intramuros 1000 Manila,786-868-477,40-2511815-0,3-4191141125-4,876-809-437-000,4-1694677604-1,Regular,Chief Marketing Officer,Manuel III Garcia,60000,1500,2000,1000,30000,357.14,4,1/9/2022,8:00 AM,5:00 PM,9,500,200,200,,7614.26
5,Hernandez,Eduard,9/23/1989,National Highway Gingoog Misamis Occidental,088-861-012,50-5577638-1,9-5743619181-2,031-702-374-000,9-5234722245-7,Regular,IT Operations and Systems,Antonio Lim,52670,1500,1000,1000,26335,313.51,5,1/9/2022,8:00 AM,5:00 PM,9,500,200,200,,6221.59
6,Villanueva,Andrea Mae,2/14/1988,17/85 Stracke Via Suite 042 Poblacion Las Pi√±as 4783 Dinagat Islands,918-621-603,49-1632020-8,3-8218945314-5,317-674-022-000,4-4109336964-6,Regular,HR Manager,Antonio Lim,52670,1500,1000,1000,26335,313.51,6,1/9/2022,8:00 AM,5:00 PM,9,500,200,200,,6221.59
7,San Jose,Brad ,3/15/1996,99 Strosin Hills Poblacion Bislig 5340 Tawi-Tawi,797-009-261,40-2400714-1,2-3919292693-9,672-474-690-000,2-1085020996-4,Regular,HR Team Leader,Andrea Mae Villanueva,42975,1500,800,800,21488,255.8,7,1/9/2022,8:00 AM,5:00 PM,9,500,200,200,,5302.2
8,Romualdez,Alice,5/14/1992,12A/33 Upton Isle Apt. 420 Roxas City 1814 Surigao del Norte,983-606-799,55-4476527-2,5-4565264023-2,888-572-294-000,2-1138555688-8,Regular,HR Rank and File,Jose Brad San,22500,1500,500,500,11250,133.93,8,1/9/2022,8:00 AM,5:00 PM,9,500,200,200,,3605.37
9,Atienza,Rosie ,9/24/1948,90A Dibbert Terrace Apt. 190 San Lorenzo 6056 Davao del Norte,266-036-427,41-0644692-3,7-0898823485-3,604-997-793-000,2-6010773235-4,Regular,HR Rank and File,Jose Brad San,22500,1500,500,500,11250,133.93,9,1/9/2022,8:00 AM,5:00 PM,9,500,200,200,,3605.37
10,Alvaro,Roderick,3/30/1988,#284 T. Morato corner Scout Rallos Street Quezon City,053-381-386,64-7605054-4,5-7811485319-4,525-420-419-000,7-9925409521-2,Regular,Accounting Head,Bianca Sofia Aquino,52670,1500,1000,1000,26335,313.51,10,1/9/2022,8:00 AM,5:00 PM,9,500,200,200,,6221.59
11,Salcedo,Anthony,9/14/1993,93/54 Shanahan Alley Apt. 183 Santo Tomas 1572 Masbate,070-766-300,26-9647608-3,1-2644531565-1,210-805-911-000,2-1800247345-4,Regular,Payroll Manager,Roderick Alvaro,50825,1500,1000,1000,25413,302.53,11,1/9/2022,8:00 AM,5:00 PM,9,500,200,200,,6122.77
12,Lopez,Josie ,1/14/1987,49 Springs Apt. 266 Poblacion Taguig 3200 Occidental Mindoro,478-355-427,44-8563448-3,4-3170901101-2,218-489-737-000,1-1307129335-4,Regular,Payroll Team Leader,Anthony Salcedo,38475,1500,800,800,19238,229.02,12,1/9/2022,8:00 AM,5:00 PM,9,500,200,200,,5061.18
13,Farala,Martha,1/11/1942,42/25 Sawayn Stream Ubay 1208 Zamboanga del Norte,329-034-366,45-5656375-0,2-3369389724-7,210-835-851-000,6-3113028354-6,Regular,Payroll Rank and File,Anthony Salcedo,24000,1500,500,500,12000,142.86,13,1/9/2022,8:00 AM,5:00 PM,9,500,200,200,,3685.74
14,Martinez,Leila,7/11/1970,37/46 Kulas Roads Maragondon 0962 Quirino,877-110-749,27-2090996-4,5-1574105749-6,275-792-513-000,1-0120544588-6,Regular,Payroll Rank and File,Anthony Salcedo,24000,1500,500,500,12000,142.86,14,1/9/2022,8:00 AM,5:00 PM,9,500,200,200,,3685.74
15,Romualdez,Fredrick ,3/10/1985,22A/52 Lubowitz Meadows Pililla 4895 Zambales,023-079-009,26-8768374-1,3-0836686005-9,598-065-761-000,2-2305770785-3,Regular,Account Manager,Antonio Lim,53500,1500,1000,1000,26750,318.45,15,1/9/2022,8:00 AM,5:00 PM,9,500,200,200,,6266.05
16,Mata,Christian,10/21/1987,90 O'Keefe Spur Apt. 379 Catigbian 2772 Sulu,783-776-744,49-2959312-6,8-2418796196-2,103-100-522-000,6-3105285346-4,Regular,Account Team Leader,Fredrick Romualdez,42975,1500,800,800,21488,255.8,16,1/9/2022,8:00 AM,5:00 PM,9,500,200,200,,5302.2
17,De Leon,Selena ,2/20/1975,89A Armstrong Trace Compostela 7874 Maguindanao,975-432-139,27-2090208-8,5-8727246993-8,482-259-498-000,7-1900760846-4,Regular,Account Team Leader,Fredrick Romualdez,41850,1500,800,800,20925,249.11,17,1/9/2022,8:00 AM,5:00 PM,9,500,200,200,,5241.99
18,San Jose,Allison ,6/24/1986,08 Grant Drive Suite 406 Poblacion Iloilo City 9186 La Union,179-075-129,45-3251383-0,7-4514845952-1,121-203-336-000,1-1490185934-3,Regular,Account Rank and File,Christian Mata,22500,1500,500,500,11250,133.93,18,1/9/2022,8:00 AM,5:00 PM,9,500,200,200,,3605.37
19,Rosario,Cydney ,10/6/1996,93A/21 Berge Points Tapaz 2180 Quezon,868-819-912,49-1629900-2,5-7925343549-9,122-244-511-000,2-6510435864-3,Regular,Account Rank and File,Christian Mata,22500,1500,500,500,11250,133.93,19,1/9/2022,8:00 AM,5:00 PM,9,500,200,200,,3605.37
20,Bautista,Mark ,2/12/1991,65 Murphy Center Suite 094 Poblacion Palayan 5636 Quirino,683-725-348,49-1647342-5,3-9966515713-5,273-970-941-000,2-6005458557-5,Regular,Account Rank and File,Christian Mata,23250,1500,500,500,11625,138.39,20,1/9/2022,8:00 AM,5:00 PM,9,500,200,200,,3645.51
21,Lazaro,Darlene ,11/25/1985,47A/94 Larkin Plaza Apt. 179 Poblacion Caloocan 2751 Quirino,740-721-558,45-5617168-2,6-0638691751-0,354-650-951-000,1-0490770884-5,Probationary,Account Rank and File,Christian Mata,23250,1500,500,500,11625,138.39,21,1/9/2022,8:00 AM,5:00 PM,9,500,200,200,,3645.51
22,Delos Santos,Kolby ,2/26/1980,06A Gulgowski Extensions Bongabon 6085 Zamboanga del Sur,739-443-033,52-0109570-6,3-5745127127-4,187-500-345-000,1-1301798866-7,Probationary,Account Rank and File,Christian Mata,24000,1500,500,500,12000,142.86,22,1/9/2022,8:00 AM,5:00 PM,9,500,200,200,,3685.74
23,Santos,Vella ,12/31/1983,99A Padberg Spring Poblacion Mabalacat 3959 Lanao del Sur,955-879-269,52-9883524-3,5-4867048288-5,101-558-994-000,3-6002810457-6,Probationary,Account Rank and File,Christian Mata,22500,1500,500,500,11250,133.93,23,1/9/2022,8:00 AM,5:00 PM,9,500,200,200,,3605.37
24,Del Rosario,Tomas,12/18/1978,80A/48 Ledner Ridges Poblacion Kabankalan 8870 Marinduque,882-550-989,45-5866331-6,9-5390153999-5,560-735-732-000,9-1310864996-4,Probationary,Account Rank and File,Christian Mata,22500,1500,500,500,11250,133.93,24,1/9/2022,8:00 AM,5:00 PM,9,500,200,200,,3605.37
25,Tolentino,Jacklyn ,5/19/1984,96/48 Watsica Flats Suite 734 Poblacion Malolos 1844 Ifugao,675-757-366,47-1692793-0,7-5380065411-4,841-177-857-000,2-1054666124-3,Probationary,Account Rank and File,Selena De Leon,24000,1500,500,500,12000,142.86,25,1/9/2022,8:00 AM,5:00 PM,9,500,200,200,,3685.74
26,Gutierrez,Percival ,12/18/1970,58A Wilderman Walks  Poblacion Digos 5822 Davao del Sur,512-899-876,40-9504657-8,7-9763938226-5,502-995-671-000,2-1089709568-6,Probationary,Account Rank and File,De Leon Selena,"24,750","1,500",500,500,"12,375",147.32,26,1/10/2022,8:00 AM,5:00 PM,9,500,200,200,,3725.88
27,Manalaysay,Garfield ,8/28/1986,60 Goyette Valley Suite 219 Poblacion Tabuk 3159 Lanao del Sur,948-628-136,45-3298166-4,8-1090928626-4,336-676-445-000,2-1127447656-3,Probationary,Account Rank and File,De Leon Selena,"24,750","1,500",500,500,"12,375",147.32,27,1/11/2022,8:00 AM,5:00 PM,9,500,200,200,,3725.88
28,Villegas,Lizeth ,12/12/1981,66/77 Mann Views Luisiana 1263 Dinagat Islands,332-372-215,40-2400719-4,9-3438965299-4,210-395-397-000,1-2223807799-7,Probationary,Account Rank and File,De Leon Selena,"24,000","1,500",500,500,"12,000",142.86,28,1/12/2022,8:00 AM,5:00 PM,9,500,200,200,,3685.74
29,Ramos,Carol ,8/20/1978,72/70 Stamm Spurs Bustos 4550 Iloilo,250-700-389,60-1152206-4,3-5183046974-4,395-032-717-000,2-1214189345-4,Probationary,Account Rank and File,De Leon Selena,"22,500","1,500",500,500,"11,250",133.93,29,1/13/2022,8:00 AM,5:00 PM,9,500,200,200,,3605.37
30,Maceda,Emelia ,4/14/1973,50A/83 Bahringer Oval Suite 145 Kiamba 7688 Nueva Ecija,973-358-041,54-1331005-0,4-6508789411-2,215-973-013-000,5-1501257976-5,Probationary,Account Rank and File,De Leon Selena,"22,500","1,500",500,500,"11,250",133.93,30,1/14/2022,8:00 AM,5:00 PM,9,500,200,200,,3605.37
31,Aguilar,Delia ,1/27/1989,95 Cremin Junction Surallah 2809 Cotabato,529-705-439,52-1859253-1,1-3645130306-8,599-312-588-000,1-1001881346-5,Probationary,Account Rank and File,De Leon Selena,"22,500","1,500",500,500,"11,250",133.93,31,1/15/2022,8:00 AM,5:00 PM,9,500,200,200,,3605.37
32,Castro,John Rafael,2/9/1992,Hi-way Yati Liloan Cebu,332-424-955 ,26-7145133-4,6-0164490240-2,404-768-309-000,6-9776406931-1,Regular,Sales & Marketing,Reyes Isabella,"52,670","1,500","1,000","1,000","26,335",313.51,32,1/16/2022,8:00 AM,5:00 PM,9,500,200,200,,6221.59
33,Martinez,Carlos Ian,11/16/1990,Bulala Camalaniugan,078-854-208,11-5062972-7,3-8068538721-2,256-436-296-000,9-9337296372-6,Regular,Supply Chain and Logistics,Reyes Isabella,"52,670","1,500","1,000","1,000","26,335",313.51,33,1/17/2022,8:00 AM,5:00 PM,9,500,200,200,,6221.59
34,Santos,Beatriz,8/7/1990,Agapita Building Metro Manila,526-639-511,20-2987501-5,9-1846005007-7,911-529-713-000,8-7404225937-8,Regular,Customer Service and Relations,Reyes Isabella,"52,670","1,500","1,000","1,000","26,335",313.51,34,1/18/2022,8:00 AM,5:00 PM,9,500,200,200,,6221.59
,,,,,,,,,,,,,,,,,,,,,,,,,,,,
fields 0,fields 1,fields 2,fields 3,fields 4,fields 5,fields 6,,fields 8,,fields 10,fields 11,fields 12,fields 13,fields 14,fields 15,fields 16,fields 17,fields 18,fields 19,fields 20,fields 21,fields 22,fields 23,fields 24,fields 25,fields 26,fields 27,fields 28
